Ingredient, Amount, % Daily Value
Vitamin A, 900 mcg, 100,
Vitamin C, 99 mg, 110,
Vitamin D3, 25 mcg, 125,
Vitamin E, 12 mg, 100,
Vitamin K, 30 mcg, 25,
Thiamin, 1.32 mg, 110,
Riboflavin, 1.43 mg, 110,
Niacin, 17.6 mg, 110,
Vitamin B6, 2.17 mg, 128,
Folate, 400 mcg, 100,
Vitamin B12, 6.24 mcg, 260,
Biotin, 43 mcg, 143,
Pantothenic Acid, 15.5 mg, 310,
Calcium, 210 mg, 16,
Iodine, 150 mcg, 100,
Magnesium, 120 mg, 29,
Zinc, 11 mg, 100,
Selenium, 55 mcg, 100, 
Copper, 0.9 mg, 100, 
Manganese, 2.3 mg, 100, 
Chromium, 35 mcg, 100
Lycopene, 300 mcg, NaN
